Skill Name,Use Count,Grouped Intents
TimeSkill,54825,"DisplayIntent, SpeakIntent, SpeakLocationIntent, TimeIntent, handle_query_date, handle_query_time, handle_show_time, handle_show_time_intent, handle_speak_intent, test_handler, timez"
WeatherSkill,10322,"CurrentRainSnowIntent, CurrentWeatherIntent, CurrentWeatherLocationIntent, HowHumid, HowWindy, NextHoursWeatherIntent, NextPrecipitationIntent, WeatherForecast, WeatherLocationIntent, WhenSunrise, WhenSunset, test_handler"
SkillInstallerSkill,8986,"InstallIntent, UninstallIntent"
StopSkill,6996,StopIntent
ConfigurationSkill,4833,"CurrentRainSnowIntent, CurrentWeatherIntent, GetListenerIntent, SetListenerIntent, UpdateConfigurationIntent, UpdatePrecise, WhatPreciseModel, handle_query_name, handle_what_is_location, handle_where_are_you"
SpeakSkill,4402,"SpeakIntent, speak_back"
WikipediaSkill,3859,"Wiki, WikiMore, WikipediaIntent, handle_intent, handle_tell_more"
HelloWorldSkill,3336,"GoodMorningIntent, HelloWorldIntent, HowAreYouIntent, SofrecomIntent, ThankYouIntent"
JokingSkill,3012,"AdultJokeIntent, ChuckJokeIntent, JokingIntent, NeutralJokeIntent, ZExpIntent, play_pandora"
PianobarSkill,2470,"PandoraChangeStationIntent, PandoraListStationIntent, PandoraNextIntent, PandoraNextStationIntent, PandoraOffDebugIntent, PandoraOnDebugIntent, PandoraPauseIntent, PandoraResumeIntent, PlayPandoraIntent, debug_off_intent, debug_on_intent, play_pandora"
HomeAssistantSkill,2412,"AutomationIntent, LightAdjBrightnessIntent, LightSetBrightnessIntent, LightingIntent, SensorIntent, TrackerIntent, switchIntent"
VolumeSkill,2342,"DecreaseVolume, IncreaseVolume, MuteVolume, QueryVolume, SetVolume, UnmuteVolume"
TheCowsLists,2319,"AddTaskIntent, AddTaskToContextListIntent, AddTaskToListIntent, AuthenticateIntent, CompleteListIntent, CompleteTaskIntent, CompleteTaskOnListIntent, ConfirmIntent, DueIntent, DueOnListIntent, FindTaskIntent, FindTaskOnListIntent, GetTokenIntent, NoConfirmIntent, ReadIntent, ReadListIntent, SendExceptionIntent, UndoIntent"
ReminderSkill,2255,"ReminderSkillCreateIntent, ReminderSkillDeleteIntent, ReminderSkillListIntent, ReminderSkillStopIntent"
InternetRadioSkill,2148,"ChildrensRadioIntent, ChristmasRadioIntent, ClassicalRadioIntent, CountryRadioIntent, DNBRadioIntent, DarkProgressivePsyRadioIntent, DarkPsyRadioIntent, FavoriteRadioIntent, ForestPsyRadioIntent, FullonPsyRadioIntent, InternetRadioIntent, InternetRadioStationIntent, InternetRadioStopIntent, JazzRadioIntent, MinimalTechnoRadioIntent, ProgressivePsyRadioIntent, PsytubeInternetRadioIntent, RandomInternetRadioIntent, RockRadioIntent, TechnoRadioIntent, Top40RadioIntent"
NPRNewsSkill,2081,"NPRNewsIntent, NPRNewsStopIntent, play_pandora"
SingingSkill,2077,"SingingIntent, handle_sing"
PersonalSkill,1594,"AreYouThereIntent, CheckVersion, GoodAfternoonIntent, GoodEveningIntent, GoodMorningIntent, GoodNightIntent, HowAreYouIntent, ThankYouIntent, WhatAreYouIntent, WhenWereYouBornIntent, WhereWereYouBornIntent, WhoAreYouIntent, WhoCreatedYouIntent, WhoMadeYouIntent"
NapTimeSkill,1544,NapTimeIntent
DesktopLauncherSkill,1539,"CloseDesktopApplicationIntent, LaunchDesktopApplicationIntent, LaunchWebsiteIntent, SearchWebsiteIntent, handle_launch_desktop_app"
SpotifySkill,1439,"PauseIntent, PlayAlbumOnSpotify, PlayIntent, PlayPlaylistIntent, list_devices, play_album, play_artist, play_spotify, search_album, search_artist, transfer_playback"
IPSkill,1282,"IPIntent, handle_query_IP_last_digit"
Playback Control Skill,1276,"NextIntent, PauseIntent, PlayIntent, PrevIntent, handle_next, handle_pause, handle_play, handle_prev"
PhillipsHueSkill,1158,"ActivateSceneIntent, AdjustBrightnessIntent, AdjustColorTemperatureIntent, ConnectLightsIntent, SetBrightnessIntent, SunriseIntent, SunriseSet, SunsetIntent, ToggleIntent"
YoutubeSkill,1038,"YoutubeKeyword, YoutubePlay"
PairingSkill,981,PairingIntent
VersionCheckerSkill,956,"CheckPlatformBuild, CheckVersion"
mqttskill,939,"handle_automation_command, handle_control_command, handle_dataRequest_command, handle_hide_world_time, handle_show_world_time"
PodcastSkill,927,"LatestEpisodeIntent, NewEpisodeIntent, PlayPodcastIntent"
Mopidy Skill,888,"CurrentlyPlayingIntent, NextIntent, PauseIntent, PlayIntent, PlayPlaylistIntentMopidy Skill, PrevIntent, SearchSpotifyIntentMopidy Skill"
NewsSkill,866,"NewsIntent, NewsStopIntent, handle_intent"
openHABSkill,855,"Dimmer_StatusIntent, ListItemsIntent, OnOff_StatusIntent, RefreshTaggedItemsIntent, SetTemp_StatusIntent, What_StatusIntent"
CoinFlipSkill,829,CoinFlipIntent
CmdSkill,729,RunScriptCommandIntent
mymqttskill,644,"automation_Intent, control_Intent, dataRequest_Intent, mymqttIntent, mymqttIntent_audio, mymqttIntent_device"
EasterEggsSkill,619,"ArnoldIntent, BenderIntent, DukeNukemIntent, GladosIntent, HALIntent, LanguagesYouSpeakIntent, PodBayDoorsIntent, PortalIntent, RoboticsLawsIntent, StardateIntent, rock_paper_scissors_lizard_spock_Intent"
MedHelpSkill,596,"MedHelpIntent, MedHelpIntent0, MedHelpIntent1, MedHelpIntent2, MedHelpIntent3"
SwitchSkill,585,"BulboffIntent, BulbonIntent, FanoffIntent, FanonIntent, SwitchoffIntent, SwitchonIntent, TVoffIntent, TVonIntent, TubeoffIntent, TubeonIntent"
AudioRecordSkill,543,"AudioRecordSkillDeleteIntent, AudioRecordSkillIntent, AudioRecordSkillPlayIntent, AudioRecordSkillStopIntent, AudioRecordSkillStopPlayIntent"
FionaSoundAndVideoSkill,506,"ListPlaylistsIntent, MetadataIntent, NextIntent, PauseIntent, PlayIntent, PositionIntent, PreviousIntent, StartMediaIntent, StopIntent, TurnUpSpeakersIntent, UpdateLibrary"
SeedSeminarAISkill,423,"AIPresentationSlide10Intent, AIPresentationSlide11Intent, AIPresentationSlide12Intent, AIPresentationSlide13Intent, AIPresentationSlide14Intent, AIPresentationSlide1Intent, AIPresentationSlide2Intent, AIPresentationSlide3Intent, AIPresentationSlide4Intent, AIPresentationSlide5Intent, AIPresentationSlide6Intent, AIPresentationSlide7Intent, AIPresentationSlide8Intent, AIPresentationSlide9Intent, ContinueAIPresentationIntent, ExplainCloudIntent, LaunchAIPresentationIntent"
systemSkill,415,"lockScreenIntent, restartIntent, shutdownIntent, suspendIntent, uptimeIntent"
PingSkill,402,PingIntent
LetsTalkSkill,370,"GoodAfternoonIntent, GoodEveningIntent, GoodMorningIntent, GoodNightIntent"
MathSkill,345,"CalculateIntent, FirstNumberIntent, MathStartIntent, NextCalculationIntent, SecondNumberIntent, TangentIntent"
StockSkill,341,"RepeatLastMessageIntent, StockPriceIntent, handle_stock_price_intent"
TimerSkill,339,"handle_cancel_timer, handle_mute_timer"
SpeakerRecognitionSkill,335,"EndTrainingIntent, SpeakerRecTestIntent, StartVoiceTrainingIntent"
RollSkill,298,"DiceRollIntent, RollIntent"
BetterJokeSkill,294,RandomEventIntent
FoxNewsSkill,287,FoxNewsIntent
SpellingSkill,264,SpellingIntent
WinkIoTSkill,259,handle_change_light
DecideSkill,259,DecideIntent
DiagnosticsSkill,232,"CpuIntent, CustomIntent, DriveIntent, IpIntent, UptimeIntent"
DictationSkill,230,"ReadDictationIntent, StartDictationIntent, StopDictationIntent"
MachineControlSkill,226,"ActionIntent, MachineOffIntent, MachineOnIntent"
AutoguiSkill,217,"CopyIntent, CutIntent, HoldKeyIntent, MouseScrollDownIntent, MouseScrollUpIntent, PressKeyIntent, ReleaseKeyIntent, ScreenResIntent, SelectCombinationIntent, TypeIntent"
BasicHelpSkill,216,"DocIntent, FeatureIntent, InstallIntent, Settings, Skills"
BrainSkill,204,"BrainScanIntent, Dyn-515765337Intent, Dyn-843707518Intent, Dyn1070007849Intent, Dyn1521026873Intent, Dyn1584006997Intent, GoodMorningIntent, ReloadAbilitiesIntent, ResetEyesIntent, UpgradeYourselfIntent, WhatVersionAreYouIntent"
FaceTest,202,handle_test
InventorySkill,202,"CreateIntent, InventoryIntent, RetrieveIntent"
DomoticzSkill,199,"ColorIntent, InfosIntent, SwitchIntent"
DlfSkill,197,"DlfIntent, DradioIntent, NovaIntent, WhatsonDlfIntent, WhatsonNovaIntent"
ArlobotSkill,191,StartupIntent
MP3DemoSkill,190,"PlayMusicIntent, PlaySongIntent"
abcdef,188,"AudioRecordSkillIntent, AudioRecordSkillPlayIntent, AudioRecordSkillStopIntent, AudioRecordSkillStopPlayIntent, CurrentWeatherIntent, DecreaseVolume, HelloWorldIntent, HowAreYouIntent, IncreaseVolume, PairingIntent, ReleaseIntent, ReminderSkillDeleteIntent, ReminderSkillListIntent, SetVolume, SpellingIntent, StockPriceIntent, StopIntent, ThankYouIntent, UnmuteVolume, WhatAreYouIntent, WhenWereYouBornIntent, WhereWereYouBornIntent, WhoAreYouIntent, WhoMadeYouIntent, handle_intent, handle_query_date, handle_query_time, speak_back"
CBCNewsSkill,182,CBCNewsIntent
JIRASkill,178,"ContactInfoIntent, IssueStatusIntent, IssuesOpenIntent, IssuesOverdueIntent, MostUrgentIssueIntent, RaiseIssueIntent, StatusReportIntent"
ReleaseTestSkill,148,ReleaseIntent
SocialMediaSkill,143,"CommentIntent, FbPostIntent, FriendsNumberIntent, FriendsStatusIntent, LikeIntent, LoginIntent, LogoutIntent, MessageIntent, PostIntent, PostToIntent, RetweetIntent, ShareIntent, WhatsUpIntent"
RandomNumberSkill,141,RandomNumberIntent
AsccbotControlSkill,131,"AsccbotCogAssIntent, AsccbotDepressionIntent, AsccbotEmotionTestIntent, AsccbotFallRiskIntent, AsccbotLonelyEvaluationIntent, AsccbotPhotoTakingIntent, AsccbotRspGameIntent, AsccbotTestingIntent"
AlarmSkill,130,"AlarmSkillCreateIntent, AlarmSkillDeleteIntent, AlarmSkillListIntent, AlarmSkillStopIntent"
Google Calendar,129,"GetDaysAppointmentsIntent, GetNextAppointment"
ContextSkill,128,"NoHoneyIntent, NoMilkIntent, TeaIntent, YesHoneyIntent, YesMilkIntent"
SimpleMediaSkill,127,"NextMediaIntent, PlayMediaIntent, WhatsPlayingMediaIntent"
NatureSoundSkill,126,"BeachIntent, BoatIntent, DawnIntent, ForestWalkIntent, HotSpringIntent, MorningSeaShoreIntent, MountainStreamIntent, OceanIntent, RainforestIntent, RiverIntent, SummerRainIntent, ThunderstormIntent"
GarageSkill,117,"LightColorIntent, LightControlIntent, LightLevelIntent, ReactiveConversationIntent, ReactiveEnterIntent, ReactiveExitIntent, ReactiveFollowUpIntent, ReactiveIdentifyIntent"
IntrospectSkill,112,"CountIntents, CountIntentsIntent, CountSkillsIntent, IntentList, ListIntents, ListIntentsIntent, ListSkills, ListSkillsIntent, RecursiveIntent, SkillCount, SkillIntentsIntent, SkillList"
SightWordTest1Skill,105,BeginSightWord1Intent
EchoUtteranceSkill,102,"EchoUtteranceSkillIntent, EchoUtteranceSkillStartIntent, EchoUtteranceSkillStopIntent"
test-carstena-the-cows-lists,102,"AddTaskIntent, AddTaskToListIntent, AuthenticateIntent, CompleteTaskIntent, CompleteTaskOnListIntent, DueIntent, DueOnListIntent, FindTaskIntent, FindTaskOnListIntent, GetTokenIntent, ReadIntent, ReadListIntent, SendExceptionIntent, UndoIntent"
French Radio,96,PlayChannelIntentFrench Radio
IntroCMSBaseSkill,96,"CPanelIntent, CancelIntent, ClearCacheIntent, LaunchDemoSiteIntent, NewItemIntent, SaveAndCloseIntent, SaveIntent, SelectItemIntent"
AttendanceSkill,94,"AddStudentIntent, SendAttendanceIntent"
BlynkIOTSkill,93,"FeelsIntent, TurnOffBothIntent, TurnOffFanIntent, TurnOffLightIntent, TurnOffPowerIntent, TurnOnBothIntent, TurnOnFanIntent, TurnOnLightIntent, TurnOnPowerIntent"
GPIO_ControlSkill,91,"IoCommandIntent, SystemQueryIntent"
Esp8266Skill,89,Esp8266CmdIntent
BitcoinPriceSkill,88,BitcoinPriceIntent
SvDemoSkill,88,"ZExpIntent, ZExpNamFa2Intent, ZExpNamIntent, ZIntent"
MalibuStacySkill,87,"MalibuStacyIntent, WhatWouldMalibuStacyDoIntent"
ReadingSkill,84,"AliceIntent, FifthIntent, FirstIntent, FiveIntent, FourIntent, FourthIntent, SecondIntent, SixIntent, ThirdIntent, ThreeIntent, TwoIntent"
JIRAagentSkill,84,"ContactInfoIntent, DueDateForIssueIntent, IssueStatusIntent, IssuesOpenIntent, IssuesOverdueIntent, MostUrgentIssueIntent, RaiseIssueIntent, StatusReportIntent"
RssSkill,82,"readArticleIntent, rssIntent"
GooglePlayMusicPlayerSkill,80,"GooglePlayCurrentTrackKeywordIntent, GooglePlayNextKeywordIntent, GooglePlayPauseKeywordIntent, GooglePlayPlayKeywordIntent, GooglePlayStartFeelingLuckyKeywordIntent, GooglePlayStopKeywordIntent, GooglePlayThumbsDownKeywordIntent, GooglePlayThumbsUpKeywordIntent, googleplayPauseKeywordIntent"
CmdSkillWithParams,78,RunScriptCommandIntent
ArbitratorSkill,77,"ConsentIntent, DecisionIntent, TerminationIntent"
KodiControllerSkill,74,"ContextIntent, DebugIntent, DirectionIntent, HomeIntent, InfoIntent, PlayPauseIntent, SelectIntent, StopIntent, SubtitlesIntent"
CryptoSkill,74,"BitcoinMarketCapIntent, BitcoinPriceIntent, EthereumMarketCapIntent, EthereumPriceIntent, LitecoinMarketCapIntent, LitecoinPriceIntent, MoneroMarketCapIntent, MoneroPriceIntent, RipplePriceIntent"
ConfuciusSkill,73,"handle_funny_saying, handle_saying"
InternalsPlasmaDesktopSkill,73,"AddWigetToDesktopKeywordIntent, DecreaseBrightnessKeywordIntent, IncreaseBrightnessKeywordIntent, LockKeywordIntent, MaximumBrightnessKeywordIntent, MinimumBrightnessKeywordIntent, MoveMainPanelKeywordIntent, RestartPlasmaKeywordIntent, ToogleTouchPadKeywordIntent"
RadioSkill,73,"handle_color_three_intent, handle_hello_world_intent, handle_henri_des_intent, handle_rts_intent, handle_rts_one_intent, handle_rts_three_intent, handle_rts_two_intent"
SpeedTestSkill,72,SpeedTestSkill
DailyMeditationSkill,72,DailyMeditationIntent
CaffeineWizSkill,72,"CaffeineContentGoodbyeIntent, CaffeineContentIntent, CaffeineContentNextDrinkIntent"
SkillTemplate,71,"AssistantIntent, BrightnessIntent, CommandIntent, HALIntent"
CountToSkill,70,count_number
PlatformPatchSkill,66,PlatformPatchIntent
GhostSkill,66,"CommentIntent, GhostIntent, OutsideIntent, ResponseIntent"
mqttSend,64,mqttSendIntent
GoogleGmailSkill,63,"CheckGmailIntent, GetGmailIntent, GetLastGmailIntent"
AstromechPit,63,"handle_introduction, handle_team_query"
KnockKnockJokesSkill,58,handle_tell_joke
TeslaSkill,57,"PreHeatTesla, TeslaClimateOff, TeslaClimateOn, TeslaWarmClimateOff, TeslaWarmClimateOn"
ParrotSkill,55,"StartParrotIntent, StopParrotIntent"
KrunnerPlasmaDesktopSkill,54,"CalculateIntent, KrunnerKeywordIntent, RecentFilesIntent"
AustralianNewsSkill,53,AustralianNewsIntent
WolframAlphaSkill,53,"Info, handle_tell_joke"
TunerSkill,52,"TunerIntent, TuningsIntent"
CryptocurrencySkill,51,"CryptocoinChangeIntent, CryptocoinPriceIntent, CryptocoinVolumeIntent"
FaceRecognition,50,"recognize_face, train_user_face"
ZorkSkill,48,"DeleteSave, PlayZork"
regexProblem,48,handle_show_world_time
IntroCMSLesson1Skill,47,"CPanelIntent, CancelIntent, CreateCategoryIntent, Lesson1Intent, SaveAndCloseIntent"
AidaSkill,47,"form_opinion, formopinion, handle_hello_world_intent, yolo"
PomodoroSkill,46,StopMySkillIntent
ImageCaptionSkill,46,CaptionIntent
MycroftHelloSkill,45,handle_hello_intent
TestSkill,45,"TestIntent, weird_handler"
AsccbotChoiceSkill,44,"FiveIntent, NoIntent, OneIntent, ThreeIntent, TwoIntent, Y2000Intent, Y70Intent, Y80Intent, YesIntent"
TemplateSkill,43,"handle_change_theme_intent, handle_count_intent, handle_hello_world_intent"
NodeLightController,43,LightsOnOff
BillandTedSkill,42,"StallionIntent, StationIntent"
SendSMSSkill,41,SendSMSIntent
GoodNightSkill,40,GoodNightIntent
CorporateITFAQSkill,40,"CorporateITFAQIntent, EmailAttachmentSizeLimit, ITManagerIntent, KerberosDomainNameIntent, VpnAddressIntent, WebmailAddressIntent, WifiPasswordIntent, WifiSsid"
test-mycroft-volume.mycroftai,40,"DecreaseVolume, IncreaseVolume, SetVolume, UnmuteVolume"
NextLaunchSkill,39,NextLaunchIntent
EventTestSkill,37,test_handler
ClementineMusicPlayerSkill,37,"ClementineNextKeywordIntent, ClementinePlayKeywordIntent, ClementineStopKeywordIntent, clementinePauseKeywordIntent"
RadioHenriDesSkill,36,RadioRneIntent
test-mycroft-reminder.mycroftai,36,"ReminderSkillCreateIntent, ReminderSkillDeleteIntent, ReminderSkillListIntent"
KickstarterTrackerSkill,36,handle_kickstarter_tracker
MagicMirrorVoiceControlSkill,35,"AdjustBrightnessIntent, HandleSwipeIntent, ModuleActionIntent, SystemActionIntent"
RadioRneSkill,35,RadioRneIntent
StephenHawkingSkill,32,"StephenHawkingBirth, StephenHawkingDeath, StephenHawkingQuote"
test-mycroft-audio-record.mycroftai,32,"AudioRecordSkillIntent, AudioRecordSkillPlayIntent, AudioRecordSkillStopIntent, AudioRecordSkillStopPlayIntent"
MPDSkill,32,PlayPlaylistIntentMPDSkill
PickupLineSkill,32,PKlineIntent
IntroCMSLessonsSkill,31,"CreateArticleIntent, CreateCategoryIntent, DuplicateArticleIntent"
PlagueisSkill,30,"DarthPlagueis, FamiliarIntent, LearnThisPower, NotFamiliarIntent, SaveFromDeathIntent, WhatHappened"
SensAnSmsSkill,30,SendAnSmsIntent
FritzBoxSkill,29,"StateIntent, ToggleIntent"
EnableDisableSkill,29,"OrangeIntent, disable, enable"
Karma Skill,29,KarmaIntent
speech_client,29,"TranslateIntent, TranslateToIntent"
AsccbotEmotionSkill,28,"BadMoodIntent, GoodMoodIntent, NeutralMoodIntent"
HelpWithCommandsSkill,28,HelpIntent
test-mycroft-playback-control.mycroftai,27,"handle_next, handle_pause, handle_play, handle_prev"
IkeaTradfriSkill,26,"handle_doctor_who_intent, handle_hello_world_intent, handle_turn_on_off_action_intent"
AmarokMusicPlayerSkill,26,"AmarokNextKeywordIntent, AmarokPauseKeywordIntent, AmarokPlayKeywordIntent, AmarokStopKeywordIntent"
NmapSkill,25,ScanIntent
mycroft-reminder.mycroftai,24,"ReminderSkillCreateIntent, ReminderSkillDeleteIntent, ReminderSkillListIntent"
EightBallSkill,24,"BallIntent, DoneIntent, QuestionIntent"
FartingSkill,24,halt_farting
test-mycroft-hello-world.mycroftai,24,"HelloWorldIntent, HowAreYouIntent, ThankYouIntent"
SocialNetworksManagerSkill,23,"CommentIntent, FriendsNumberIntent, FriendsStatusIntent, LikeIntent, MessageIntent, PostIntent, RetweetIntent, ShareIntent"
test_mycroft-volume.mycroftai,22,"DecreaseVolume, IncreaseVolume, SetVolume, UnmuteVolume"
AudioControlPlasmaDesktopSkill,22,"DecreaseVolumeKeywordIntent, IncreaseVolumeKeywordIntent, MinimumVolumeKeywordIntent"
TellStorySkill,22,"GoLeftIntent, Increase, RockIntent, StartAdventureIntent"
KCStreetcarSkill,22,"KCStreetcarIntent, SeventhAndMainNorth, SeventhAndMainSouth, ThirdAndGrand, UnionStation"
KnockKnockJokeSkill,21,"handle_tell_joke, handle_who"
SendSMSPlasmaDesktopSkill,21,SendSMSKeywordIntent
EnclosureControlSkill,21,"EnclosureEyesBlink, EnclosureLookDown, EnclosureLookLeft, EnclosureLookLeftRight, EnclosureLookRight, EnclosureLookUp, EnclosureLookUpDown, EnclosureMouthListen, EnclosureMouthSmile, EnclosureMouthThink, EnclosureReset, SystemReboot"
BBCNewsSkill,21,BBCNewsIntent
test-skill-volume,21,"DecreaseVolume, IncreaseVolume, SetVolume, UnmuteVolume"
QuestionLearnerSkill,21,QuestionLearnerAnswer
UnifiedNewsSkill,20,"BBCNewsIntent, FoxNewsIntent, GenericNewsIntent, NPRNewsIntent, TSFNewsIntent"
DeezerSkill,20,"DeezerIntent, TestIntent"
AsccbotPLaySongSkill,20,"PlaySongIntent, SongStopVerb"
test-mycroft-personal.mycroftai,20,"WhatAreYouIntent, WhenWereYouBornIntent, WhereWereYouBornIntent, WhoAreYouIntent, WhoMadeYouIntent"
mycroft-volume.mycroftai,20,"DecreaseVolume, IncreaseVolume, SetVolume, UnmuteVolume"
CAT_UK_Demo,20,"handle_car_worth, handle_delivery_quotation, handle_insurance_quote, handle_rent_car, handle_tax_query, handle_traffic_report"
IRCSkill,19,"ConnectIntent, DisconnectIntent, JoinIntent, SendIntent"
GeekHueSkill,19,GroupLightIntent
Dutch Radio,19,PlayChannelIntentDutch Radio
TodayHistorySkill,19,RandomEventIntent
ScoreSkill,18,"GetLiveScoreIntent, GetScoreIntent"
KonamiCode,18,"KonamiBIntent, KonamiDownIntent, KonamiLeftIntent, KonamiRightIntent, KonamiUpIntent"
ClassGreetingSkill,18,ClassGreetingIntent
AVmusicSkill,17,AVmusicKeyword
KateControlSkill,17,"KateFileNewKeywordIntent, KateNextTabKeywordIntent, KatePrevTabKeywordIntent"
WikiHowSkill,16,"RandomHowtoIntent, RepeatHowtoIntent, TellMoreHowtoIntent"
mycroft-audio-record.mycroftai,16,"AudioRecordSkillIntent, AudioRecordSkillPlayIntent, AudioRecordSkillStopIntent, AudioRecordSkillStopPlayIntent"
QuotesSkill,16,"quoteIntent, quote_of_the_day, random_quote"
test-mycroft-npr-news.mycroftai,16,handle_intent
FortuneSkill,16,FortuneIntent
TwitterSkill,15,"GetFollowersIntent, PostTweetIntent"
test-skill-audio-record,15,"AudioRecordSkillIntent, AudioRecordSkillPlayIntent, AudioRecordSkillStopIntent, AudioRecordSkillStopPlayIntent"
test_mycroft-audio-record.MycroftAI,14,"AudioRecordSkillIntent, AudioRecordSkillPlayIntent, AudioRecordSkillStopIntent, AudioRecordSkillStopPlayIntent"
AsccbotJokeGameSkill,14,JokeGameIntent
TableSkill,14,handle_hello_world_intent
CountSkill,14,count_number
MarchTest,14,GoodMorningIntent
GoodBoySkill,14,"handle_bark_intent, handle_hello_world_intent, handle_meow_intent"
IAmARobotSkill,14,RobotIntent
BitcoinSkill,14,"BitcoinHighIntent, BitcoinLastIntent, BitcoinVolIntent"
InspirationalQuotesSkill,13,"InspirationalQuoteIntent, QuoteIntent"
HoroSkill,13,readArticleIntent
RssReaderSkill,13,"CheckFeedsIntent, LatestFeedIntent"
test,13,handle_show_world_time
RockPaperScissorsSkill,12,"PaperIntent, RockIntent, ScissorsIntent"
test-skill-hello-world,12,"HelloWorldIntent, HowAreYouIntent, ThankYouIntent"
WemoSkill,12,"WemoDiscoverIntent, WemoListIntent, WemoSwitchIntent"
test-mycroft-weather.mycroftai,12,CurrentWeatherIntent
test_mycroft-hello-world.mycroftai,12,"HelloWorldIntent, HowAreYouIntent, ThankYouIntent"
test-mycroft-joke.mycroftai,12,"ChuckJokeIntent, JokingIntent"
test-mycroft-ip.mycroftai,12,IPIntent
test-mycroft-date-time.mycroftai,12,"handle_query_date, handle_query_time"
mycroft-hello-world.mycroftai,12,"HelloWorldIntent, HowAreYouIntent, ThankYouIntent"
KCMycroftSkill,12,"HipChatAnnounce, HipChatBurritoBrothers, HipChatClusterTruck, HipChatJimmyJohns, HipChatTest"
test-skill-reminder,11,"ReminderSkillCreateIntent, ReminderSkillDeleteIntent, ReminderSkillListIntent"
RecipeSkill,11,"PizzaIntent, RecipeIntent"
CountriesSkill,11,"CountryBorders, CountryCapital, CountryCurrency, CountryLanguage, CountryPopulation, CountryTimezone"
OneBeforeLastSkill,11,"AnsweredFalseIntent, AnsweredTrueIntent, RepeatIntent, StartupIntent"
ethereumSkill,10,ethereumIntent
test_mycroft-personal.MycroftAI,10,"WhatAreYouIntent, WhenWereYouBornIntent, WhereWereYouBornIntent, WhoAreYouIntent, WhoMadeYouIntent"
test-skill-personal,10,"WhatAreYouIntent, WhenWereYouBornIntent, WhereWereYouBornIntent, WhoAreYouIntent, WhoMadeYouIntent"
KodiSkill,10,"PickMovie, PlayPause, Stop, WatchMovieIntent"
test-mycroft-stock.mycroftai,10,handle_stock_price_intent
IrsendSkill,10,"IrsendIntent, ListCodesIntent, ListRemotesIntent"
SunSkill,10,"SunRiseIntent, SunSetIntent"
CoxLifeCareSkill,10,"Cox, handle_call_911_intent"
UnsplashPlasmaWallpaperSkill,10,UnsplashKeywordIntent
mycroft-personal.mycroftai,10,"WhatAreYouIntent, WhenWereYouBornIntent, WhereWereYouBornIntent, WhoAreYouIntent, WhoMadeYouIntent"
WhatsNearbySkill,9,NearbyPlaces
SofrecomSkill,9,SofrecomIntent
AimoSkill,9,handle_count_intent
testing5,9,handle_testting
PoetrySkill,9,"RecitePoetryIntent, ReciteSatanicPoetryIntent"
test-mycroft-naptime.mycroftai,8,NapTimeIntent
test-mycroft-pairing.mycroftai,8,PairingIntent
test-mycroft-spelling.mycroftai,8,SpellingIntent
test-mycroft-stop.mycroftai,8,StopIntent
mycroft-playback-control.mycroftai,8,"handle_next, handle_pause, handle_play, handle_prev"
mycroft-npr-news.mycroftai,8,handle_intent
test-skill-playback-control,8,"handle_next, handle_pause, handle_play, handle_prev"
skill-desktop-launcher.MycroftAI,8,"LaunchWebsiteIntent, SearchWebsiteIntent"
SunspotSkill,8,"RecentIntent, SpotCountIntent"
AngryBeanieSkill,8,"GetLatestEpisodeIntent, GetPodcastsIntent"
test_mycroft-playback-control.mycroftai,8,"handle_next, handle_pause, handle_play, handle_prev"
test_mycroft-npr-news.MycroftAI,8,handle_intent
GimletPodcastSkill,8,PlayPodcastIntent
MycroftPlasmoidControlSkill,7,"MycroftPlasmoidShowKeywordIntent, MycroftPlasmoidShowSkillsKeywordIntent"
MosquitoSpeak,7,RepeatLastMessageIntent
ListsSkill,7,"ListClearIntent, ListIntent"
EnclosureTextSkill,7,EnclosureTextIntent
DialCallSkill,7,DialCallIntent
ActivitiesPlasmaDesktopSkill,7,"ActivitiesKeywordIntent, ShowActivitiesIntent, SwitchActivitiesIntent"
mycroft-date-time.mycroftai,6,"handle_query_date, handle_query_time"
test-skill-ip,6,IPIntent
test_mycroft-ip.MycroftAI,6,IPIntent
test_mycroft-date-time.MycroftAI,6,"handle_query_date, handle_query_time"
test_mycroft-weather.MycroftAI,6,CurrentWeatherIntent
mycroft-ip.mycroftai,6,IPIntent
mycroft-weather.mycroftai,6,CurrentWeatherIntent
SillyNameMakerSkill,6,"ColorIntent, NumberIntent, SillyNameMakerIntent"
TranslateSkill,6,"HowUseIntent, TranslateToIntent"
test_mycroft-reminder.MycroftAI,6,"ReminderSkillDeleteIntent, ReminderSkillListIntent"
mycroft-joke.mycroftai,6,"ChuckJokeIntent, JokingIntent"
test_mycroft-joke.MycroftAI,6,"ChuckJokeIntent, JokingIntent"
GoogleCalendarSkill,5,"EventsForXDaysIntent, NextEventIntent, TodaysEventsIntent"
GoogleCalendar-Skill,5,"EventsForXDaysIntent, NextEventIntent"
AsccbotQuoteSkill,5,QuoteIntent
OCBCSkill,5,WelcomeGuestsIntent
test-mycroft-configuration.mycroftai,5,UpdateConfigurationIntent
test-skill-pairing,4,PairingIntent
mycroft-naptime.mycroftai,4,NapTimeIntent
mycroft-pairing.mycroftai,4,PairingIntent
BirminghamIOSkill,4,handle_tech_events_intent
mycroft-spelling.mycroftai,4,SpellingIntent
mycroft-stock.mycroftai,4,StockPriceIntent
mycroft-stop.mycroftai,4,StopIntent
FedTheFishSkill,4,"handle_fed_fish_intent, handle_was_fed"
test-mycroft-release-test.mycroftai,4,ReleaseIntent
test-mycroft-singing.mycroftai,4,handle_sing
test-mycroft-speak.mycroftai,4,speak_back
test-mycroft-wiki.mycroftai,4,handle_intent
PlaySomeMusicSkill,4,PlaySomeMusicIntent
test-skill-naptime,4,NapTimeIntent
test-skill-npr-news,4,handle_intent
test-skill-spelling,4,SpellingIntent
test-skill-stock,4,StockPriceIntent
test-skill-stop,4,StopIntent
test_mycroft-pairing.mycroftai,4,PairingIntent
MetalSkill,4,RandomMetalBandIntent
test_mycroft-spelling.MycroftAI,4,SpellingIntent
test_mycroft-stock.MycroftAI,4,StockPriceIntent
test_mycroft-stop.mycroftai,4,StopIntent
WikipediaFallback,3,A
MarsSkill,3,handle_start_mars_intent
AimlSkill,3,"ResetIntent, ResetMemoryIntent"
test-skill-date-time,3,"handle_query_date, handle_query_time"
CivicusMonitorSkill,3,handle_civicus_monitor
PushbulletSkill,3,"PushMeMessageIntent, PushMessageIntent"
test-skill-joke,3,"ChuckJokeIntent, JokingIntent"
halskill,3,HALIntent
StoryTimeSkill,3,StoryTimeIntent
test-skill-weather,3,CurrentWeatherIntent
MediaSkill,2,"MediaMusicIntent, PlayIntent"
test-skill-singing,2,handle_sing
test-skill-speak,2,speak_back
test_mycroft-wiki.MycroftAI,2,handle_intent
testing,2,handle_testting
mycroft-configuration.mycroftai,2,UpdateConfigurationIntent
MediaMusicSkill,2,MediaMusicIntent
QuodLibetSkill,2,"FilterMediaIntent, WhatsPlayingMediaIntent"
Mycroft-SunSkill,2,SunRiseIntent
test_mycroft-release-test.mycroftai,2,ReleaseIntent
test-skill-configuration,2,UpdateConfigurationIntent
LunchMenuSkill,2,LunchIntent
mycroft-wiki.mycroftai,2,handle_intent
test_mycroft-singing.MycroftAI,2,handle_sing
test_mycroft-speak.MycroftAI,2,speak_back
MashapeSkill,2,"klingonSay, quoteIntent"
mycroft-speak.mycroftai,2,speak_back
test_mycroft-configuration.mycroftai,2,UpdateConfigurationIntent
mycroft-singing.mycroftai,2,handle_sing
NumbersSkill,2,number_trivia
mycroft-release-test.mycroftai,2,ReleaseIntent
TestWhat,2,handle_what
FactsSkill,2,handle_animal_fact_intent
FionaEntertainmentSkill,2,PlayIntent
Fred,2,FredColorIntent
GtfsSkill,2,RefreshIntent
ISSLocationSkill,2,ISSLocationIntent
MovieSkill,2,"SuggestMovieGenreIntent, SuggestMovieIntent"
QuidemTextAdventureSkill,1,handle_quidem_text_adventure
OpenLibrarySkill,1,SearchByTitle
test-skill-wiki,1,handle_intent
test-spotify-skill,1,list_devices
IkeaTraedfriSkill,1,handle_hello_world_intent
Apollo11GameSkill,1,StartApollo11Intent
NumberSkillSkill,1,NumberIntent
ChromecastSkill,1,CCDevicesIntent
BuddhaSkill,1,TellMeAQuoteFromBuddha
AimlFallback,1,ResetMemoryIntent
CustomerServiceSkill,1,SoftSourceIntent
BillandTedtSkill,1,StationIntent
FaceRecLogin,1,FaceLoginIntent
